,country,year,Inflation,Unemployment Rate,avg_wage,exchange_rate,old_age_dependency,pop_tertiary_ed,public_spend,working_age
0,Australia,2020,0.846905537459293,6.46000003814697,56454.6426875463,1.453085,27.7,54.614105,0.6193333333333333,65.0800304998193
1,Australia,2019,1.61076787290379,5.15999984741211,55170.1593572686,1.438507,27.6,52.478458,0.6193333333333333,65.375521199949
2,Australia,2018,1.91140094445692,5.30000019073486,54585.7361515336,1.338412,22.91052631578948,51.393173,0.6193333333333333,65.5532463120061
3,Australia,2017,1.94864740944522,5.59000015258789,54446.1871655676,1.304758,26.4,51.989063,0.604,65.7345013750993
4,Australia,2016,1.27699094497328,5.71000003814697,54708.5463944103,1.345214,22.91052631578948,49.30521,0.642,65.9175739049387
5,Australia,2015,1.50836672165921,6.05000019073486,54594.2877238492,1.33109,25.0,48.466274,0.683,66.1831428835957
6,Australia,2014,2.48792270531403,6.07999992370605,54958.9983415996,1.109363,24.5,48.13139,0.671,66.4253900823175
7,Australia,2013,2.44988864142539,5.65999984741211,54493.4287124233,1.035843,23.8,45.745182,0.642,66.6713031564291
8,Australia,2012,1.76278015613193,5.21999979019165,54693.5327880133,0.965801,23.1,47.231079,0.566,66.9304833205145
9,Australia,2011,3.30385015608744,5.07999992370605,54341.6321607586,0.969463,22.5,44.615528,0.509,67.2268749576993
10,Australia,2010,2.91834002677376,5.21000003814697,52645.0632525028,1.090159,22.1,44.374836,0.503,67.3862811624133
11,Australia,2009,1.77111716621252,5.55999994277954,50884.3098547751,1.282189,21.8,44.778488,0.541,67.5054455278258
12,Australia,2008,4.35029854990047,4.23000001907349,51375.7399322454,1.192178,21.6,41.99683,0.444,67.4996549281693
13,Australia,2007,2.32761128891476,4.38000011444092,51049.1432412323,1.195073,21.5,40.728859,0.408,67.4304104424403
14,Australia,2006,3.55528773727028,4.78000020980835,49688.9707896302,1.327973,21.5,38.804123,0.484,67.4027574052003
15,Australia,2005,2.69183168316831,5.03000020980835,49357.8088760077,1.309473,21.4,38.098312,0.547,67.3126778400031
16,Australia,2004,2.34325522482587,5.3899998664856,48813.6269703482,1.359752,21.3,36.168247,0.62,67.2243409605572
17,Australia,2003,2.73259596616783,5.92999982833862,47349.6629826868,1.541914,21.1,36.322815,0.7,67.1361369506626
18,Australia,2002,2.98157453936349,6.36999988555908,46714.7138012541,1.840563,21.0,35.797337,0.773,67.0161285772249
19,Australia,2001,4.4071353620147,6.73999977111816,46325.6452063718,1.933443,20.8,33.511932,0.885,66.9032323769899
20,Australia,2000,4.45743514797225,6.28000020980835,45864.2246839447,1.724827,20.6,31.372517,0.926,66.8523430954823
21,Austria,2020,1.38191063351859,5.3600001335144,57271.6172207632,0.875506,31.3,41.419125,1.0054444444444444,66.4544578267313
22,Austria,2019,1.53089564152645,4.48999977111816,57182.0543713264,0.893276,31.8,41.610401,1.0054444444444444,66.6369440426546
23,Austria,2018,1.99837981429546,4.84999990463257,56738.9624275253,0.846773,28.152631578947368,40.458271,1.0054444444444444,66.8095694957979
24,Austria,2017,2.08126911385587,5.5,56553.1036411922,0.885206,30.9,40.324657,1.03,66.9827982098614
25,Austria,2016,0.891591752655335,6.01000022888184,56565.1098080641,0.903421,28.152631578947368,39.671021,1.083,67.1433439140411
26,Austria,2015,0.896563335260302,5.71999979019165,56034.5368994984,0.901296,30.5,38.626846,1.059,67.2390894556232
27,Austria,2014,1.60581182954471,5.61999988555908,55628.9597328474,0.752728,30.1,38.403149,1.001,67.3005707442428
28,Austria,2013,2.00015616900603,5.32999992370605,55424.6726991352,0.752945,29.9,38.666092,0.984,67.439104518811
29,Austria,2012,2.48567562177017,4.86999988555908,55399.0387275458,0.778338,29.7,36.127834,0.901,67.5673613281067
30,Austria,2011,3.28657914875376,4.55999994277954,55086.1950141318,0.718414,29.4,34.808361,0.899,67.6576264696549
31,Austria,2010,1.81353438995065,4.82000017166138,55693.2537677195,0.754309,29.0,33.863789,0.995,67.5055546126937
32,Austria,2009,0.506308827696486,5.30000019073486,55945.1002116724,0.716958,28.5,33.408676,1.053,67.4569857662001
33,Austria,2008,3.21595033239883,4.13000011444092,55008.95643616,0.679923,27.8,32.680725,0.826,67.4856375760211
34,Austria,2007,2.16855528800755,4.8600001335144,54099.6936163515,0.729672,27.1,31.065872,0.886,67.4661662320171
35,Austria,2006,1.44154851119019,5.23999977111816,53791.255595178,0.796433,26.4,31.518833,1.011,67.5613828243719
36,Austria,2005,2.29913785639285,5.63000011444092,52999.3782983738,0.8038,25.9,30.570971,1.106,67.756019918111
37,Austria,2004,2.06120618032866,5.82999992370605,52714.6666757652,0.803922,25.6,30.473413,1.179,68.0552439267264
38,Austria,2003,1.35555370896445,4.78000020980835,51732.5421239379,0.884048,25.4,36.099884470588236,1.185,68.1230118085867
39,Austria,2002,1.81035787764132,4.84999990463257,51613.8737572224,1.057559,25.4,36.099884470588236,1.069,67.9192998966484
40,Austria,2001,2.65000077279529,4.01000022888184,50844.0596468737,1.116533,25.3,36.099884470588236,0.909,67.7194800040237
41,Austria,2000,2.34486285357277,4.69000005722046,51003.6687538745,1.082705,24.9,36.099884470588236,0.922,67.5306176095909
42,Belgium,2020,0.740791812220385,5.55000019073486,57271.7218967191,0.875506,33.1,48.508053,3.051333333333334,63.943657296146
43,Belgium,2019,1.43681956996435,5.3600001335144,58841.9236167908,0.893276,33.9,47.282982,3.051333333333334,64.0615273586521
44,Belgium,2018,2.05316499865181,5.94999980926514,58270.1110053084,0.846773,29.773684210526312,47.397144,3.051333333333334,64.2367503994304
45,Belgium,2017,2.12597086002609,7.09000015258789,57956.7749506732,0.885206,32.8,45.725086,1.821,64.4304063033826
46,Belgium,2016,1.97385264653172,7.82999992370605,58364.7213975469,0.903421,29.773684210526312,44.311111,2.381,64.6308903149472
47,Belgium,2015,0.561429152790106,8.47999954223633,58239.5851322215,0.901296,30.6,43.144318,2.903,64.8108364178268
48,Belgium,2014,0.340002833356965,8.52000045776367,58637.190215588,0.752728,31.0,44.239079,3.214,65.0118544393279
49,Belgium,2013,1.11309594027537,8.43000030517578,58312.8064794932,0.752945,30.3,42.663147,3.232,65.2488491494812
50,Belgium,2012,2.83966343445897,7.53999996185303,57740.9047749979,0.778338,29.6,42.989902,3.253,65.4776834456296
51,Belgium,2011,3.53208210722744,7.1399998664856,57277.8636023361,0.718414,29.0,42.455688,3.503,65.7203962736192
52,Belgium,2010,2.18929920422458,8.28999996185303,56697.0102359022,0.754309,28.6,43.801159,3.527,65.8956757638343
53,Belgium,2009,-0.0531456741253762,7.90999984741211,56960.7291900123,0.716958,28.4,42.484257,3.579,65.9887585770868
54,Belgium,2008,4.48944420508401,6.98000001907349,56177.7608301146,0.679923,28.5,42.271435,3.086,66.0510910575337
55,Belgium,2007,1.8230563002681,7.46000003814697,55936.3807418131,0.729672,28.6,41.339031,3.015,65.9882580923367
56,Belgium,2006,1.79120770070454,8.25,56040.3524312115,0.796433,28.8,41.863441,3.171,65.8089586266761
57,Belgium,2005,2.78143263670025,8.4399995803833,55662.2154129004,0.8038,28.9,40.605904,3.223,65.6468024358558
58,Belgium,2004,2.09728311239314,7.3600001335144,56195.6843234927,0.803922,29.0,40.730312,3.247,65.5895668925826
59,Belgium,2003,1.58896399970379,7.67999982833862,56491.9959086071,0.884048,28.9,38.910217,3.234,65.5813776427242
60,Belgium,2002,1.64521436175359,6.90999984741211,56157.2435543636,1.057559,28.8,37.643967,3.007,65.5624143079362
61,Belgium,2001,2.46925823086078,6.17999982833862,54743.9600900518,1.116533,28.6,37.506115,2.773,65.5547509466468
62,Belgium,2000,2.54451776190906,6.59000015258789,54577.6273525136,1.082705,28.3,36.020634,2.755,65.5909861502703
63,Canada,2020,0.716999632307852,9.46000003814697,56176.8355601337,1.341153,29.8,64.386749,0.6504736842105264,66.1193945801064
64,Canada,2019,1.94926902411596,5.65999984741211,54606.6993038817,1.326793,29.3,62.965115,0.6504736842105264,66.4708308744155
65,Canada,2018,2.268225672481,5.82999992370605,54325.0894683998,1.295818,23.26315789473684,61.754246,0.489,66.7564843506088
66,Canada,2017,1.5968841285297,6.34000015258789,53353.3727685498,1.297936,27.5,60.916767,0.559,67.0351150557627
67,Canada,2016,1.4287595470108,7.0,52599.446320119,1.325615,23.26315789473684,60.582603,0.647,67.3581848448858
68,Canada,2015,1.12524136094279,6.90999984741211,53558.1531815747,1.278786,26.1,59.182831,0.621,67.7447282445452
69,Canada,2014,1.90663590717873,6.90999984741211,53142.8807996714,1.104747,25.1,57.725277,0.562,68.1288050334343
70,Canada,2013,0.93829189781521,7.07000017166138,52502.7340359639,1.030137,24.4,57.603394,0.561,68.4831699177897
71,Canada,2012,1.51567823124521,7.28999996185303,51861.2601212403,0.999365,23.7,57.056797,0.587,68.8449563985619
72,Canada,2011,2.91213508872355,7.51000022888184,51075.2308168078,0.989258,23.1,56.40131,0.647,69.1780340022961
73,Canada,2010,1.77687154092629,8.0600004196167,50581.8930838186,1.030113,22.5,56.169838,0.79,69.3391500263389
74,Canada,2009,0.299466803009284,8.34000015258789,50434.2494411984,1.141535,22.1,55.780476,0.947,69.4028632222379
75,Canada,2008,2.37027067444294,6.1399998664856,49993.0185989938,1.067087,21.7,55.619267,0.639,69.4486150649208
76,Canada,2007,2.13838399266843,6.03999996185303,49148.1701669313,1.074046,21.4,55.674667,0.542,69.4648929240073
77,Canada,2006,2.00202539534156,6.32000017166138,47753.6561632973,1.134345,21.2,54.622643,0.574,69.3991165316915
78,Canada,2005,2.21355203439764,6.76000022888184,46335.0850839863,1.211405,21.0,53.694931,0.605,69.2605572310395
79,Canada,2004,1.85725871857261,7.19000005722046,45034.6151411603,1.301282,20.8,53.197052,0.663,69.0417713725658
80,Canada,2003,2.75856321360112,7.57000017166138,44065.7697375825,1.401015,20.7,53.179329,0.745,68.8636541466845
81,Canada,2002,2.25839440940856,7.65999984741211,44046.7611259154,1.570343,20.6,51.629013,0.746,68.6984972199847
82,Canada,2001,2.52512013979907,7.21999979019165,44416.8123091387,1.54884,20.5,50.856735,0.762,68.4954647675944
83,Canada,2000,2.71943995691972,6.82999992370605,44600.0524229853,1.485394,20.5,48.400093,0.673,68.2759901752378
84,Switzerland,2020,-0.725874933313391,4.82000017166138,67105.0181009114,0.938965,31.3,52.972816,0.7751052631578946,66.2158651658858
85,Switzerland,2019,0.362886179940635,4.3899998664856,68121.6093336129,0.993709,30.9,52.695705,0.7751052631578946,66.4048054407553
86,Switzerland,2018,0.936335464113605,4.71000003814697,66722.9175098538,0.977892,27.252631578947366,51.206909,0.735,66.6417322238152
87,Switzerland,2017,0.533787839825886,4.80000019073486,66913.3587006029,0.984692,30.2,50.136665,0.844,66.8861338261021
88,Switzerland,2016,-0.434618664285843,4.92000007629395,67225.2712716855,0.985394,27.252631578947366,48.844658,0.872,67.0986013456528
89,Switzerland,2015,-1.14390867228178,4.80000019073486,67731.0641888089,0.962381,29.0,46.502586,0.806,67.2655189958271
90,Switzerland,2014,-0.0132025387515987,4.82999992370605,67348.3284875262,0.916151,29.0,44.214348,0.768,67.4209386997557
91,Switzerland,2013,-0.217323155115639,4.75,67235.8450748468,0.926904,28.6,41.891548,0.775,67.5854883695172
92,Switzerland,2012,-0.692552018105236,4.48000001907349,66424.6865031922,0.937684,28.1,39.260506,0.694,67.7434183237648
93,Switzerland,2011,0.231349207650894,4.40000009536743,65447.0664179713,0.888042,27.6,38.016293,0.662,67.896525906944
94,Switzerland,2010,0.688238707220017,4.80000019073486,65019.3201670911,1.042906,27.2,37.405544,0.954,67.9577656484228
95,Switzerland,2009,-0.480481936423328,4.11999988555908,65370.8201237744,1.088142,26.8,39.979767,0.958,68.0775615999934
96,Switzerland,2008,2.42604117060162,3.34999990463257,64062.6491606269,1.08309,26.4,38.482616,0.549,68.1209298092649
97,Switzerland,2007,0.732350603122241,3.65000009536743,63742.5679967119,1.200366,26.0,35.022648,0.617,68.0897938675828
98,Switzerland,2006,1.05950928324804,4.0,62992.732341208,1.253843,25.7,32.229095,0.812,68.0423467066456
99,Switzerland,2005,1.17195420333701,4.44000005722046,62811.3433809162,1.245177,25.5,31.038237,0.94,67.9724102730144
100,Switzerland,2004,0.802908730955216,4.32000017166138,61842.146069176,1.243496,25.3,30.414423,1.036,67.8727042478199
101,Switzerland,2003,0.638272930887213,4.11999988555908,62289.1522143942,1.346651,25.2,29.236425,1.034,67.7554114306005
102,Switzerland,2002,0.64271150654328,2.92000007629395,62610.7782619798,1.558607,25.1,26.701601,0.717,67.6153511841306
103,Switzerland,2001,0.989020329832555,2.49000000953674,61373.7629099651,1.687615,25.0,25.608202,0.448,67.5014152483164
104,Switzerland,2000,1.55852919679006,2.67000007629395,58128.6187055064,1.688843,24.9,25.571112,0.506,67.3021818561436
105,Czechia,2020,3.16129528497808,2.54999995231628,30912.1625160037,23.21025,33.8,33.001759,0.5921666666666667,63.9227656047973
106,Czechia,2019,2.84787595918047,2.00999999046326,31236.4530088112,22.93225,31.8,32.580391,0.5921666666666667,64.2878780323852
107,Czechia,2018,2.14949494949492,2.24000000953674,29990.7006930927,21.729917,24.857894736842102,33.328793,0.5921666666666667,64.7604981164888
108,Czechia,2017,2.45053398460138,2.89000010490417,28482.1251018999,23.376333,30.0,33.821026,0.436,65.3180038464422
109,Czechia,2016,0.683504209385683,3.95000004768372,27097.1678035338,24.439917,24.857894736842102,32.564495,0.456,65.9663762942861
110,Czechia,2015,0.309364548494974,5.05000019073486,26172.8581631554,24.59875,28.8,31.010311,0.475,66.6318945888159
111,Czechia,2014,0.343988589646784,6.1100001335144,25425.1745235874,20.7575,27.1,29.88735,0.553,67.2953162074695
112,Czechia,2013,1.43829787234043,6.94999980926514,24900.0481577341,19.570583,26.2,29.195036,0.622,67.9860435808435
113,Czechia,2012,3.28762306610408,6.98000001907349,25056.2619912968,19.5775,25.3,27.832432,0.616,68.7410733707314
114,Czechia,2011,1.91721913635547,6.71000003814697,25010.4642180162,17.695917,24.5,25.124683,0.645,69.5039151456767
115,Czechia,2010,1.47272727272729,7.28000020980835,24808.3144747498,19.09825,23.8,22.630354,0.744,70.306573573864
116,Czechia,2009,1.0193773532923,6.65999984741211,24068.5788935786,19.063,23.2,20.240141,0.961,70.7724220730474
117,Czechia,2008,6.35866380152374,4.3899998664856,24165.3464422356,17.071667,22.7,17.674837,0.555,71.0906132223272
118,Czechia,2007,2.85312437211172,5.32000017166138,24036.7678543414,20.293667,22.3,15.472363,0.537,71.207347232877
119,Czechia,2006,2.53399258343632,7.15000009536743,23340.1988371658,22.595583,22.0,15.246418,0.49,71.1779776959291
120,Czechia,2005,1.85709789109223,7.92999982833862,22440.746354952,23.957417,21.8,14.231308,0.564,71.0845671506568
121,Czechia,2004,2.76010781671159,8.21000003814697,21799.9169008062,25.69975,21.7,12.978498,0.637,70.9295053955046
122,Czechia,2003,0.118739205526785,7.53999996185303,20860.7182149352,28.209,21.7,12.051159,0.7,70.681059369704
123,Czechia,2002,1.90298097019031,7.01999998092651,19382.8074543462,32.738518,21.8,12.26703,0.579,70.3884332698676
124,Czechia,2001,4.66267556988255,7.98999977111816,18277.4420913387,38.035328,21.9,11.27721,0.524,70.1092565554325
125,Czechia,2000,3.77538829151733,8.76000022888184,17381.0578327063,38.598417,21.9,11.199056,0.565,69.7517635185894
126,Germany,2020,0.506689889953274,3.80999994277954,55920.6690928235,0.875506,36.5,34.876732,1.3040555555555555,64.3874714448047
127,Germany,2019,1.4456670146976,3.14000010490417,56332.1609469743,0.893276,38.0,33.260235,1.3040555555555555,64.7044205599228
128,Germany,2018,1.73216766075662,3.38000011444092,55442.5636927834,0.846773,32.8,32.281734,1.3040555555555555,64.9868703979992
129,Germany,2017,1.50949655801608,3.75,54663.8550180622,0.885206,36.4,31.308737,0.858,65.2541575426159
130,Germany,2016,0.49174862477081,4.11999988555908,54093.9104742941,0.903421,32.8,30.527618,0.873,65.5491857433664
131,Germany,2015,0.51442053951781,4.61999988555908,53277.9337901734,0.901296,34.8,29.588667,0.918,65.74913723924
132,Germany,2014,0.906797948515676,4.98000001907349,52080.3601151976,0.752728,35.0,28.422802,0.972,65.8749301315056
133,Germany,2013,1.5047209800535,5.23000001907349,51221.4731511943,0.752945,34.9,29.995255,1.034,65.9663400131972
134,Germany,2012,2.0084909216701,5.38000011444092,50743.6018929134,0.778338,34.8,28.956329,1.034,65.9471971105401
135,Germany,2011,2.07517452479837,5.82000017166138,50075.8882356451,0.718414,34.6,27.67141,1.133,65.8445923518811
136,Germany,2010,1.10380916115812,6.96999979019165,49085.4418181365,0.754309,34.4,26.133959,1.467,65.9379069912817
137,Germany,2009,0.31273762987172,7.73999977111816,48659.3294771171,0.716958,33.9,25.655298,1.622,65.9396106395439
138,Germany,2008,2.62838174873985,7.51999998092651,48649.5661179795,0.679923,33.4,23.916872,1.234,66.1012713211141
139,Germany,2007,2.29834179696226,8.65999984741211,48432.5439923966,0.729672,32.7,22.62182,1.349,66.2431331450579
140,Germany,2006,1.57742825864226,10.25,48580.3615468933,0.796433,32.0,21.983997,1.626,66.4584975363164
141,Germany,2005,1.54690965159041,11.1700000762939,48589.6709394897,0.8038,31.1,22.494616,1.833,66.768258261447
142,Germany,2004,1.66573340932676,10.7299995422363,48414.6560431125,0.803922,30.1,22.942751,1.727,67.0887793907499
143,Germany,2003,1.03422776551069,9.77999973297119,48420.9003393179,0.884048,29.1,21.799734,1.662,67.3610937529817
144,Germany,2002,1.42080560518857,8.47999954223633,48260.950516707,1.057559,28.0,21.739561,1.49,67.5476166112042
145,Germany,2001,1.98385693617829,7.76999998092651,47978.289176264,1.116533,27.0,21.779524,1.335,67.7256419149666
146,Germany,2000,1.44026818676794,7.92000007629395,47630.9362473236,1.082705,26.5,22.250971,1.306,67.9366540211934
147,Denmark,2020,0.420711974110026,5.6399998664856,60984.2427222411,6.542152,34.9,42.575157,0.0,63.6513561361343
148,Denmark,2019,0.758131572511619,5.01999998092651,60264.9076732623,6.669447,34.2,47.097672,0.0,63.8557211063932
149,Denmark,2018,0.813609467455633,5.13000011444092,59730.5765454995,6.314619,28.300000000000008,45.83231,0.0,63.9670380971741
150,Denmark,2017,1.14713216957606,5.82999992370605,59219.7467028765,6.602893,33.4,45.537395,0.0,64.1323423879137
151,Denmark,2016,0.249999999999997,5.98999977111816,58879.1412728563,6.731718,28.300000000000008,44.594067,0.0,64.261949083022
152,Denmark,2015,0.452034153691623,6.28000020980835,58890.2336522565,6.727907,33.0,43.043034,0.0,64.3651463418586
153,Denmark,2014,0.564020540449518,6.92999982833862,57870.4063990248,5.612467,31.5,41.623554,0.0,64.4477145049248
154,Denmark,2013,0.789071780078061,7.38000011444092,56786.7481302489,5.616312,30.7,40.929459,0.0,64.5763680683727
155,Denmark,2012,2.39791485664639,7.80000019073486,56392.8645626898,5.792476,29.9,40.192459,0.0,64.7880424228377
156,Denmark,2011,2.75868226051246,7.76999998092651,56477.1803458519,5.368712,29.0,38.600784,0.0,65.0823552827664
157,Denmark,2010,2.31092436974789,7.75,56776.1761976908,5.624075,28.2,37.608952,0.0,65.4190189109709
158,Denmark,2009,1.30470991024336,6.40999984741211,56145.4717378729,5.360867,27.5,37.435608,0.0,65.6917611765394
159,Denmark,2008,3.41626794258375,3.6800000667572,54817.4594178387,5.098131,26.8,36.165295,0.0,65.8931955455817
160,Denmark,2007,1.69326586220319,3.79999995231628,54101.2626964787,5.443701,26.1,36.185223,0.0,66.0187836182515
161,Denmark,2006,1.92422138464588,3.90000009536743,53504.7617043668,5.946778,25.5,40.808071,0.0,66.0863321769701
162,Denmark,2005,1.81781458291257,4.82999992370605,52618.2949477389,5.99691,25.1,39.83181,0.0,66.1202464264072
163,Denmark,2004,1.15435693124937,5.19999980926514,51724.7774540012,5.991057,24.7,37.593121,0.0,66.1888325452026
164,Denmark,2003,2.07507820646504,5.40000009536743,50598.6456254605,6.587673,24.5,35.009655,0.0,66.2886144015397
165,Denmark,2002,2.42443661219694,4.26999998092651,49379.9115710942,7.894714,24.3,32.359928,0.0,66.4015756602543
166,Denmark,2001,2.33787000255261,4.15999984741211,48280.4436264319,8.322817,24.2,31.066076,0.0,66.5195416241992
167,Denmark,2000,2.90328203236457,4.48000001907349,47994.6178006955,8.083144,24.2,29.295521,0.0,66.6694708079524
168,Spain,2020,-0.322753017299705,15.5299997329712,38425.8737390982,0.875506,32.8,47.379524,2.2533888888888884,65.9557052125843
169,Spain,2019,0.699518994458693,14.1000003814697,39877.2153582443,0.893276,31.7,46.508266,2.2533888888888884,65.8794186427795
170,Spain,2018,1.67498136863794,15.25,39794.1061416166,0.846773,28.036842105263155,44.259609,2.2533888888888884,65.8485682945003
171,Spain,2017,1.95607633363964,17.2199993133545,39927.3834496192,0.885206,30.6,42.644691,1.607,65.9188905803337
172,Spain,2016,-0.202598000426425,19.6299991607666,40454.9984942639,0.903421,28.036842105263155,40.980919,1.788,66.0756453289841
173,Spain,2015,-0.500365709903282,22.0599994659424,40684.384215252,0.901296,30.6,40.959778,2.029,66.2592442872786
174,Spain,2014,-0.151114837527181,24.4400005340576,40084.8582217399,0.752728,29.0,41.477402,2.548,66.5048007729955
175,Spain,2013,1.40858109183012,26.0900001525879,40208.3882636177,0.752945,28.5,41.089592,3.131,66.9133841658905
176,Spain,2012,2.44612782366812,24.7900009155273,40205.2278657672,0.778338,27.9,40.386406,3.259,67.3657133733377
177,Spain,2011,3.19610188833788,21.3899993896484,41363.4896260308,0.718414,27.5,40.311493,3.361,67.7077263590022
178,Spain,2010,1.79986457728766,19.8600006103516,42115.8322690389,0.754309,27.1,40.312317,3.025,68.0922428471007
179,Spain,2009,-0.287813083535237,17.8600006103516,42517.9211558175,0.716958,26.8,39.458729,3.383,68.4894975041813
180,Spain,2008,4.07534335957341,11.25,40000.4247077932,0.679923,26.6,40.047447,2.197,68.8250933727512
181,Spain,2007,2.78679745804947,8.22999954223633,38635.0694056528,0.729672,26.4,40.025246,1.749,68.9460501418295
182,Spain,2006,3.51557576832125,8.44999980926514,38221.0114187519,0.796433,26.4,40.32674,1.786,68.8752550945017
183,Spain,2005,3.36881409750382,9.14999961853027,38404.387844485,0.8038,26.4,40.703537,1.813,68.9839359820266
184,Spain,2004,3.03924881090927,11.0900001525879,38239.5000427859,0.803922,26.5,38.99802,1.824,68.8340922685114
185,Spain,2003,3.03888839396654,11.2799997329712,38732.4456349163,0.884048,26.8,37.90205,1.836,68.647496028733
186,Spain,2002,3.0656568590222,11.1499996185303,38930.4214506944,1.057559,27.0,37.484509,1.843,68.563736254186
187,Spain,2001,3.58983413338114,10.3500003814697,38736.2520315131,1.116533,27.2,35.42757,1.749,68.5230594703941
188,Spain,2000,3.43351563418762,13.789999961853,38940.0267215148,1.082705,26.9,33.978283,1.633,68.6473944236908
189,Estonia,2020,-0.444531097679859,6.80000019073486,32017.2536726462,0.875506,34.9,43.145798,0.27577777777777773,63.3685827305283
190,Estonia,2019,2.27725931243518,4.44999980926514,30212.814486472,0.893276,32.4,42.760071,0.27577777777777773,63.6668663870581
191,Estonia,2018,3.43632688420445,5.36999988555908,28533.3902591232,0.846773,28.894736842105264,43.633705,0.27577777777777773,63.9600386390989
192,Estonia,2017,3.41723549488057,5.76000022888184,27059.3912712127,0.885206,31.4,43.041157,0.286,64.2589404456104
193,Estonia,2016,0.148684907627356,6.76000022888184,26453.4693925694,0.903421,28.894736842105264,41.048111,0.341,64.6656381337447
194,Estonia,2015,-0.492326006547338,6.19000005722046,25084.6044824345,0.901296,31.0,40.508533,0.324,65.0954505069192
195,Estonia,2014,-0.106175146521716,7.34999990463257,23958.7400470747,0.752728,29.9,40.421608,0.291,65.5486879490622
196,Estonia,2013,2.78056658954996,8.63000011444092,22759.1222597647,0.752945,29.5,40.439819,0.326,66.0590274484692
197,Estonia,2012,3.93339987296979,10.0200004577637,22220.6107867084,0.778338,29.1,40.079975,0.27,66.5421230577548
198,Estonia,2011,4.9819013145361,12.3299999237061,21952.7435096521,0.718414,28.7,38.927837,0.304,66.990950243288
199,Estonia,2010,2.97204512015696,16.7099990844727,22426.2977939124,0.754595,28.5,38.010132,0.581,67.3223304981318
200,Estonia,2009,-0.0784083112810205,13.5500001907349,22558.8749737426,0.719481,28.3,36.644875,1.06,67.532399411022
201,Estonia,2008,10.3623580313683,5.44999980926514,23220.7975825552,0.683499,28.3,35.746883,0.248,67.6697155763636
202,Estonia,2007,6.60132603055634,4.59000015258789,22920.1293944947,0.730756,28.2,34.382347,0.09,67.7760539427753
203,Estonia,2006,4.43762042389211,5.90999984741211,19710.9213940617,0.79669,28.2,34.418907,0.064,67.9650433245966
204,Estonia,2005,4.07971423199846,8.02999973297119,18097.7567097939,0.804251,28.0,32.912037,0.107,68.0747725637098
205,Estonia,2004,3.04811107523412,10.25,16959.6804514333,0.805003,27.6,27.564163,0.163,68.0074125720157
206,Estonia,2003,1.33499116549964,11.289999961853,15653.5315281134,0.885586,27.2,27.367912,0.176,67.866157931598
207,Estonia,2002,3.57191270164023,10.0299997329712,14304.0787670199,1.061687,26.7,26.233803,0.085,67.7105158226701
208,Estonia,2001,5.74827981651377,13.1300001144409,13530.2838012494,1.117052,26.1,27.28639,0.121,67.5628460178011
209,Estonia,2000,4.0184895250876,13.3599996566772,13049.698444745,1.084494,25.0,28.721388,0.127,67.3761708250267
210,Finland,2020,0.290554555653313,7.76000022888184,47877.6324062913,0.875506,40.1,44.665718,1.9332222222222224,61.8494288408902
211,Finland,2019,1.02409392963429,6.69000005722046,47731.3810694198,0.893276,39.6,41.820766,1.9332222222222224,62.0637115476388
212,Finland,2018,1.08382098409299,7.3600001335144,47244.6404457039,0.846773,29.957894736842103,41.313869,1.9332222222222224,62.3171320953128
213,Finland,2017,0.754015047084413,8.64000034332275,46898.6579732219,0.885206,37.7,41.253643,1.935,62.6567365181677
214,Finland,2016,0.356684500891696,8.81999969482422,47169.4791171538,0.903421,29.957894736842103,41.13372,2.286,63.0295141463692
215,Finland,2015,-0.207928839905218,9.38000011444092,46758.811643577,0.901296,35.0,40.524899,2.348,63.4355550332072
216,Finland,2014,1.04119621178439,8.65999984741211,46395.4298405516,0.752728,34.0,40.308151,2.188,63.9333978698553
217,Finland,2013,1.47828615688804,8.1899995803833,46410.7303768431,0.752945,32.5,39.992779,1.926,64.5047274532426
218,Finland,2012,2.80833622561575,7.69000005722046,46879.3937880133,0.778338,30.9,39.749657,1.71,65.1068430967533
219,Finland,2011,3.41680754255211,7.78000020980835,46842.0146347727,0.718414,29.6,39.377258,1.629,65.6908374335965
220,Finland,2010,1.1841352315465,8.39000034332275,46828.7275024312,0.754309,28.5,39.207012,1.923,66.182720807795
221,Finland,2009,-9.17360403259616e-07,8.25,46189.5033711431,0.716958,27.7,39.388084,1.873,66.4536501845804
222,Finland,2008,4.06595355358378,6.36999988555908,45794.6343991341,0.679923,27.2,38.289055,1.385,66.5651810762153
223,Finland,2007,2.51066565240339,6.84999990463257,45406.405989497,0.729672,26.9,39.297249,1.48,66.5351855524939
224,Finland,2006,1.56666380704384,7.71999979019165,44807.6303556323,0.796433,26.6,38.451385,1.769,66.5990096208585
225,Finland,2005,0.623874450025199,8.38000011444092,43899.0209557652,0.8038,26.3,37.541725,1.953,66.7031699738854
226,Finland,2004,0.187120559084453,10.3599996566772,42993.8338865253,0.803922,26.0,38.172512,2.082,66.730270784842
227,Finland,2003,0.877440386254743,10.4700002670288,41620.2018897247,0.884048,25.6,37.934616,2.111,66.8246943704309
228,Finland,2002,1.57122012789382,10.4200000762939,40843.9674199349,1.057559,25.3,39.84703594736842,2.063,66.8832699624159
229,Finland,2001,2.57844080098894,10.289999961853,40625.7132866879,1.116533,24.9,39.84703594736842,2.0,66.9189987287985
230,Finland,2000,3.04210080667796,11.1300001144409,40413.1353230781,1.082705,24.8,38.671585,2.137,66.9285188390023
231,France,2020,0.476498852725083,8.01000022888184,47372.8084858398,0.875506,37.3,49.449242,1.5490000000000002,61.7051412759652
232,France,2019,1.10825492288292,8.40999984741211,49402.5244825536,0.893276,35.8,48.052528,1.5490000000000002,61.8797984739307
233,France,2018,1.85081508315494,9.02000045776367,48930.5037126329,0.846773,30.052631578947373,46.937691,1.524,62.0798851743486
234,France,2017,1.03228275064674,9.40999984741211,48993.0499210396,0.885206,34.4,44.34428,1.551,62.2957618397916
235,France,2016,0.183334861123848,10.0500001907349,48322.4788674439,0.903421,30.052631578947373,44.036968,1.586,62.5623946942746
236,France,2015,0.0375143805125363,10.3500003814697,47769.9773576127,0.901296,33.3,44.687599,1.608,62.861157738062
237,France,2014,0.507758822937957,10.289999961853,47318.5317957179,0.752728,31.9,44.726288,1.615,63.2100079377855
238,France,2013,0.863715497861826,9.92000007629395,46995.2170551426,0.752945,30.9,44.055721,1.617,63.6427936301106
239,France,2012,1.95419531613507,9.39999961853027,46602.6466219276,0.778338,30.0,42.909988,1.564,64.0609334147037
240,France,2011,2.11159795174997,8.8100004196167,46302.8163666344,0.718414,29.2,42.988277,1.498,64.4819297129731
241,France,2010,1.53112270420924,8.86999988555908,46386.1118555352,0.754309,28.6,42.87175,1.593,64.753493842489
242,France,2009,0.0876204781574529,8.73999977111816,45468.229882477,0.716958,28.2,43.149895,1.548,64.895262029347
243,France,2008,2.81286194914787,7.05999994277954,44066.1904791078,0.679923,28.1,40.825264,1.242,65.0462738675619
244,France,2007,1.48799805953858,7.65999984741211,44150.8662706574,0.729672,28.1,41.444328,1.295,65.1394880393971
245,France,2006,1.67512449608728,8.44999980926514,43989.842643363,0.796433,28.1,41.416058,1.425,65.1298385828962
246,France,2005,1.74586936380481,8.48999977111816,43504.1324562404,0.8038,28.1,39.776222,1.675,65.0714834739576
247,France,2004,2.14208964640242,8.90999984741211,42986.244252655,0.803922,28.1,38.220337,1.792,65.0398826707291
248,France,2003,2.09847219146922,8.3100004196167,42296.6523148312,0.884048,28.0,37.855179,1.817,65.0159796783703
249,France,2002,1.9234122872706,8.69999980926514,41954.1258314029,1.057559,27.9,36.053307,1.642,64.9891314846063
250,France,2001,1.63478079549599,8.60999965667725,40852.1825018759,1.116533,27.7,34.232525,1.419,65.0000522372614
251,France,2000,1.6759598872093,10.2200002670288,40596.6445951239,1.082705,27.3,31.375711,1.42,65.0463039964904
252,United Kingdom,2020,0.98948670377243,4.47200012207031,48563.7642841697,0.78,32.0,55.833538,0.27466666666666667,63.5017224042122
253,United Kingdom,2019,1.73810460086511,3.74000000953674,48615.8690884243,0.783445,32.3,51.809521,0.27466666666666667,63.5672076361375
254,United Kingdom,2018,2.29283990345939,4.0,47872.0636136948,0.749532,28.484210526315785,50.752552,0.27466666666666667,63.7588565158262
255,United Kingdom,2017,2.55775577557754,4.32999992370605,47613.8896284349,0.776977,31.7,51.624851,0.149,63.9660622618374
256,United Kingdom,2016,1.00841736811403,4.80999994277954,47512.2430245162,0.740634,28.484210526315785,51.775383,0.157,64.216887525714
257,United Kingdom,2015,0.368046842325369,5.30000019073486,46812.6317066422,0.654545,31.0,49.943413,0.171,64.4571587844663
258,United Kingdom,2014,1.45112016293279,6.1100001335144,46045.380666781,0.60773,30.3,49.185982,0.211,64.681900724668
259,United Kingdom,2013,2.29166666666666,7.51999998092651,46021.9566473194,0.639661,29.6,48.31358,0.309,64.9967614401064
260,United Kingdom,2012,2.57323479654528,7.88000011444092,45524.8720256628,0.633047,28.9,47.860847,0.384,65.380024151939
261,United Kingdom,2011,3.85611244682819,8.03999996185303,46073.2716851121,0.624141,28.3,46.910782,0.388,65.9092366778965
262,United Kingdom,2010,2.49265472467065,7.78999996185303,46909.8895566434,0.647179,27.8,46.046906,0.369,66.0355373379909
263,United Kingdom,2009,1.96173173560107,7.53999996185303,46709.5561354924,0.641919,27.4,45.283749,0.44,66.1839067558837
264,United Kingdom,2008,3.52140856342537,5.61999988555908,46589.5238514264,0.543966,27.2,43.337868,0.284,66.3062130858014
265,United Kingdom,2007,2.38656150773328,5.26000022888184,47698.9078120867,0.499772,27.0,43.08427,0.201,66.359826856488
266,United Kingdom,2006,2.45566166439288,5.34999990463257,46501.3946527842,0.543487,26.9,41.8297,0.217,66.2596998142291
267,United Kingdom,2005,2.08913649025072,4.75,45236.1160365774,0.549998,26.8,35.345379,0.226,66.0316633052642
268,United Kingdom,2004,1.39039756680426,4.59000015258789,45191.3465638847,0.54618,26.8,34.897144,0.222,65.8250632139615
269,United Kingdom,2003,1.3765003854201,4.80999994277954,43911.1917690286,0.612472,26.7,33.321693,0.231,65.6824270278575
270,United Kingdom,2002,1.52040245947458,5.03999996185303,42699.2729339747,0.667223,26.7,31.410488,0.251,65.5255055880185
271,United Kingdom,2001,1.53234960272418,4.69999980926514,42104.3090903274,0.694655,26.8,30.066694,0.446,65.3553812919984
272,United Kingdom,2000,1.18295624210404,5.55999994277954,40560.7801323258,0.660931,27.0,28.901674,0.288,65.1675961027452
273,Greece,2020,-1.24798355581408,16.2999992370605,25719.5130850906,0.875506,37.8,43.685429,0.6583888888888889,63.3956022457898
274,Greece,2019,0.25300752203812,17.3099994659424,25629.6136887256,0.893276,35.8,42.406635,0.6583888888888889,63.5591625267311
275,Greece,2018,0.625621413453588,19.2900009155273,25400.4681553569,0.846773,31.310526315789478,42.821678,0.6583888888888889,63.7227930591211
276,Greece,2017,1.12125452031427,21.4899997711182,26629.7747446517,0.885206,34.7,42.479965,0.507,63.9169332715556
277,Greece,2016,-0.825653978391008,23.5400009155273,26460.6757105503,0.903421,31.310526315789478,40.979172,0.527,64.16088358111
278,Greece,2015,-1.73588804765278,24.8999996185303,27082.0734366134,0.901296,33.0,40.063866,0.485,64.4363264994178
279,Greece,2014,-1.31226096405516,26.4899997711182,26818.6088636713,0.752728,32.9,38.66687,0.516,64.7203030732854
280,Greece,2013,-0.921269454256898,27.4699993133545,26929.4689535767,0.752945,32.3,37.168961,0.692,65.0621889651168
281,Greece,2012,1.50152696177748,24.4400005340576,28812.3590929224,0.778338,31.7,34.977001,0.84,65.4599316795548
282,Greece,2011,3.3298532335065,17.8600006103516,30592.6257594606,0.718414,31.2,32.736923,1.048,65.8686525767904
283,Greece,2010,4.71298907760393,12.710000038147,32664.8556355899,0.754309,30.9,31.15996,0.929,66.2288568719752
284,Greece,2009,1.2100726919781,9.61999988555908,34228.2245278187,0.716958,30.6,29.599367,0.946,66.4895714123783
285,Greece,2008,4.15279708110295,7.76000022888184,32685.048263139,0.679923,30.5,28.454678,0.658,66.6482154145768
286,Greece,2007,2.89500321516574,8.39999961853027,33198.830858902,0.729672,30.5,28.066544,0.543,66.6851941255917
287,Greece,2006,3.19594684144545,9.01000022888184,33192.70112636,0.796433,30.4,27.022612,0.566,66.6565702082853
288,Greece,2005,3.54507273335083,9.98999977111816,32802.5260136467,0.8038,30.1,25.663805,0.635,66.6404151841997
289,Greece,2004,2.89884810758168,10.3100004196167,32912.3962172002,0.803922,29.8,25.493637,0.625,66.6534582573188
290,Greece,2003,3.53065027765554,9.40999984741211,32319.6806789271,0.884048,29.2,23.732121,0.57,66.6910595025362
291,Greece,2002,3.62935871878871,9.97000026702881,30956.100245246,1.057559,28.7,23.705975,0.594,66.772595028702
292,Greece,2001,3.37396832213867,10.460000038147,28375.8663831811,1.116533,28.1,23.480356,0.581,67.3100825814166
293,Greece,2000,3.15118162493827,11.25,27453.1233512965,1.072336,26.7,23.921938,0.589,67.8633690073651
294,Hungary,2020,3.3267438576673,4.25,25274.6430734428,307.996667,33.4,30.688835,0.5398421052631579,65.3468412239275
295,Hungary,2019,3.3385863538201,3.42000007629395,24852.7035959588,290.66,31.4,30.589085,0.5398421052631579,65.8419148959252
296,Hungary,2018,2.85024792594642,3.71000003814697,24056.025348271,270.211667,26.87894736842105,30.576908,0.274,66.3161396485891
297,Hungary,2017,2.34824281150159,4.15999984741211,22932.8795299802,274.433333,29.7,30.162258,0.29,66.6684171149296
298,Hungary,2016,0.394769306686402,5.1100001335144,21385.9900179807,281.523333,26.87894736842105,30.400248,0.31,67.0261419727235
299,Hungary,2015,-0.0616446800641176,6.80999994277954,21193.7019748853,279.3325,27.9,32.12635,0.361,67.4264466462292
300,Hungary,2014,-0.227566270988384,7.73000001907349,21030.7013397901,232.601667,27.8,32.109055,0.356,67.8251260380363
301,Hungary,2013,1.73319984983107,10.1800003051758,21310.7788205027,223.695,27.4,30.876373,0.468,68.2092629769709
302,Hungary,2012,5.65214517088651,11.0,21533.7985602137,225.104167,27.2,30.430923,0.54,68.5054399213577
303,Hungary,2011,3.92992098935075,11.0299997329712,22275.5023240536,201.055,27.0,28.107714,0.748,68.6481757283792
304,Hungary,2010,4.85555795691951,11.1700000762939,21991.4515250729,207.944167,26.7,26.019491,0.796,68.6566726866546
305,Hungary,2009,4.21171171171172,10.0299997329712,21704.9517002736,202.341667,26.4,25.0688,0.848,68.7048142072648
306,Hungary,2008,6.0425125388106,7.82000017166138,23021.2956335465,172.113333,26.0,23.960701,0.717,68.7912537185504
307,Hungary,2007,7.95874516544909,7.40999984741211,22705.0639650879,183.625833,25.7,21.989632,0.663,68.8364838603239
308,Hungary,2006,3.93032603841,7.48999977111816,22874.70203962,210.39,25.4,20.717684,0.573,68.8278580459826
309,Hungary,2005,3.56151711378355,7.19000005722046,22438.3618536691,199.5825,25.1,19.573023,0.547,68.7646970416763
310,Hungary,2004,6.74434679569463,5.82999992370605,21490.6683325556,202.745833,24.9,18.881723,0.527,68.6830300164042
311,Hungary,2003,4.66101694915256,5.78999996185303,20088.3335667608,224.306667,24.8,16.786734,0.5,68.5763953674565
312,Hungary,2002,5.26544821583986,5.6100001335144,18599.3426044854,257.886667,24.7,14.986973,0.504,68.4751850892986
313,Hungary,2001,9.11680911680913,5.67000007629395,17713.9492558374,286.49,24.7,14.780178,0.548,68.3486300669305
314,Hungary,2000,9.80361016908127,6.55999994277954,16462.6021061384,282.179167,24.5,14.693064,0.687,68.1847602063076
315,Ireland,2020,-0.334584625428444,5.61999988555908,50751.3923804161,0.875506,25.0,58.383801,1.5442777777777776,65.3674185721464
316,Ireland,2019,0.939044481054341,4.94999980926514,50447.9581379289,0.893276,23.6,55.44936,1.5442777777777776,65.3518361083703
317,Ireland,2018,0.488370168032449,5.73999977111816,49552.9862607009,0.846773,19.631578947368418,56.174488,1.5442777777777776,65.3677412978959
318,Ireland,2017,0.340531561461793,6.71000003814697,49194.6667553763,0.885206,22.4,53.473541,0.996,65.4271370414962
319,Ireland,2016,0.00830633773569926,8.36999988555908,48576.1930325078,0.903421,19.631578947368418,53.430691,1.228,65.4964124586964
320,Ireland,2015,-0.289879079012739,9.90999984741211,47926.2351539284,0.901296,22.3,52.004166,1.398,65.6133053826891
321,Ireland,2014,0.182542316627949,11.8599996566772,47981.406664507,0.752728,20.6,50.768299,2.019,65.8374664186815
322,Ireland,2013,0.508714869485436,13.7299995422363,48266.1960432386,0.752945,20.0,51.073551,2.413,66.1276897649647
323,Ireland,2012,1.69620897294545,15.4499998092651,49401.3812825716,0.778338,19.4,49.205013,2.657,66.5175347873401
324,Ireland,2011,2.5571888318692,15.3500003814697,49757.5205468858,0.718414,18.9,47.42931,2.802,67.0313459039872
325,Ireland,2010,-0.922095829024469,14.5299997329712,50349.6186589652,0.754309,18.5,48.32497,3.178,67.6655404463416
326,Ireland,2009,-4.47810339150477,12.6099996566772,50191.0806480324,0.716958,18.2,47.530376,2.528,68.3397762603965
327,Ireland,2008,4.06030495117353,6.76999998092651,46416.5333137634,0.679923,18.0,45.064747,1.385,68.8492041372821
328,Ireland,2007,4.89711564381346,4.98000001907349,44660.9331148073,0.729672,18.0,44.087189,0.999,69.0299146998452
329,Ireland,2006,3.93163989540532,4.40999984741211,43408.382970429,0.796433,18.0,42.462822,0.937,68.6405796081153
330,Ireland,2005,2.42969198392961,4.34000015258789,43042.7917098121,0.8038,18.0,40.673939,0.909,68.2531903153461
331,Ireland,2004,2.19962850718543,4.48999977111816,41499.8591948767,0.803922,18.2,39.63393,0.967,68.0236864145745
332,Ireland,2003,3.49048968029138,4.48000001907349,40141.8306228462,0.884048,18.4,37.062382,0.93,67.9238655297067
333,Ireland,2002,4.614733276884,4.21999979019165,38968.0393573658,1.057559,18.6,35.213902,0.871,67.7466549474204
334,Ireland,2001,4.87290487290487,3.6800000667572,38575.8948508008,1.116533,18.9,33.406429,0.748,67.3175906204984
335,Ireland,2000,5.59071729957807,4.32000017166138,37155.235995148,1.082705,18.0,29.803612,0.832,66.9435255398022
336,Iceland,2020,2.84792401518658,5.48000001907349,68118.9155210663,135.421712,26.6,38.304203,0.6054444444444445,66.7035054112023
337,Iceland,2019,3.01397179156056,3.50999999046326,71002.5174020138,122.606774,25.0,42.176826,0.6054444444444445,66.8228135279206
338,Iceland,2018,2.68291768267388,2.70000004768372,71756.601973718,108.300176,21.30526315789474,42.116936,0.6054444444444445,66.6955846247186
339,Iceland,2017,1.76041559180606,2.74000000953674,67897.2819241499,106.839572,23.7,42.677822,0.417,66.4177822300007
340,Iceland,2016,1.6969276199774,2.98000001907349,61991.1516507712,120.811548,21.30526315789474,40.021423,0.398,66.1836123242953
341,Iceland,2015,1.63305558181333,3.98000001907349,57496.5236548933,131.918708,23.1,37.672207,0.489,66.1206463977172
342,Iceland,2014,2.04461481539337,4.90000009536743,53931.1453329026,116.767353,22.0,38.405033,0.661,66.187812901866
343,Iceland,2013,3.8722792374824,5.38000011444092,53176.2012948351,122.179121,21.5,37.768463,0.851,66.3337070635002
344,Iceland,2012,5.18589988750705,6.0,52378.0326198194,125.082787,21.1,36.48513,1.175,66.5200188324504
345,Iceland,2011,4.00102664343116,7.03000020980835,52650.7545614979,115.95404,20.7,37.75489,1.354,66.7146273952936
346,Iceland,2010,5.39673113167484,7.55999994277954,50508.1994308566,122.241811,20.4,34.048439,1.451,66.9325627900542
347,Iceland,2009,12.0031298461743,7.21999979019165,49081.1866625024,123.638381,20.2,35.674942,1.544,67.2968059754915
348,Iceland,2008,12.6943942775878,2.95000004768372,57975.6714170623,87.947917,20.1,33.488125,0.305,67.527189323386
349,Iceland,2007,5.05155736492145,2.25,65398.880829955,64.055,20.0,32.848091,0.18,67.3450654273399
350,Iceland,2006,6.68707906136661,2.82999992370605,63492.2702863938,70.18,20.0,33.354519,0.197,66.8369631053643
351,Iceland,2005,3.98704782806592,2.54999995231628,60319.1164321304,62.981667,20.0,34.525562,0.297,66.2114890777599
352,Iceland,2004,3.15819324298464,4.03000020980835,55977.2707376187,70.191667,20.0,31.59227,0.439,65.7549207914351
353,Iceland,2003,2.0556632975374,4.0,52789.3216503329,76.708983,20.0,30.156946,0.448,65.4882875912711
354,Iceland,2002,5.1970223021663,2.99000000953674,54164.8912146127,91.661667,20.1,36.615101499999994,0.326,65.3066264138344
355,Iceland,2001,6.40508550386865,1.87000000476837,52651.7443085075,97.424603,20.1,36.615101499999994,0.182,65.2194967891357
356,Iceland,2000,5.13647123245151,1.94000005722046,53058.0895907206,78.615947,20.2,36.615101499999994,0.184,65.1429587482219
357,Israel,2020,-0.588430300016595,4.32999992370605,40047.2423853235,3.442406,23.9,47.257065,0.36394999999999994,59.8841490060947
358,Israel,2019,0.844128708733833,3.79999995231628,39960.0644052245,3.564527,22.7,47.04248,0.302,59.9750652361723
359,Israel,2018,0.817323896191417,4.0,39142.8293233069,3.590558,19.65789473684211,47.1143,0.282,60.0976903135105
360,Israel,2017,0.244953121040659,4.21999979019165,38066.6244881282,3.599556,21.5,48.028301,0.273,60.2777396494633
361,Israel,2016,-0.546034946236581,4.80000019073486,36928.6201001826,3.840567,19.65789473684211,47.449234,0.282,60.5165171251282
362,Israel,2015,-0.634390651085145,5.25,35546.0725838944,3.886833,21.1,45.897861,0.307,60.7701605305586
363,Israel,2014,0.486495554437183,5.8899998664856,34521.1007783491,3.577925,19.9,46.005543,0.326,61.0174729553336
364,Israel,2013,1.57621197921105,6.21000003814697,34272.5322849684,3.610758,19.6,44.848808,0.33,61.2555611693891
365,Israel,2012,1.68948189221972,6.8600001335144,34139.998140731,3.855922,19.4,44.498508,0.315,61.5535504912759
366,Israel,2011,3.47857270934193,7.1399998664856,33570.3851113729,3.578129,19.2,45.042313,0.293,61.8064490707499
367,Israel,2010,2.71664057463854,8.47999954223633,33256.3842037834,3.738975,19.1,44.216198,0.321,62.1515850663489
368,Israel,2009,3.34031214312906,9.52999973297119,33299.4397377855,3.932335,18.9,42.920982,0.397,62.3148954020171
369,Israel,2008,4.55721393034826,7.69999980926514,34129.2929228828,3.588021,18.8,42.284912,0.261,61.8783807727539
370,Israel,2007,0.459816073570569,9.38000011444092,34879.1254739486,4.108083,18.7,41.547859,0.267,61.819689644225
371,Israel,2006,2.06080391756786,10.710000038147,34541.3735264742,4.455808,18.6,44.693049647058814,0.306,61.7671459843739
372,Israel,2005,1.31266149870799,11.3400001525879,33597.7414688303,4.4877,18.6,42.927929,0.346,61.7388740871741
373,Israel,2004,-0.411734431291799,13.0299997329712,33488.567820238,4.481983,18.6,44.693049647058814,0.38,61.7256572183874
374,Israel,2003,0.725764644893717,13.5100002288818,33974.9926911315,4.554133,18.6,41.953953,0.451,61.7441738792472
375,Israel,2002,5.75657894736842,12.8900003433228,35176.9558316216,4.737825,18.7,40.745598,0.632,61.7610350076104
376,Israel,2001,1.15350488021294,11.8100004196167,36541.6911580084,4.20565,18.8,44.693049647058814,0.649,61.7316353471036
377,Israel,2000,1.05357543151761,11.1000003814697,36017.7075849572,4.077333,18.8,44.693049647058814,0.559,61.624689944667
378,Italy,2020,-0.13770757391657,9.15999984741211,39207.8129041127,0.875506,39.5,28.628069,0.6721666666666668,63.6898058836776
379,Italy,2019,0.611246943765291,9.94999980926514,41625.2801490976,0.893276,38.5,27.931559,0.6721666666666668,63.8771046135536
380,Italy,2018,1.13748763600395,10.6099996566772,41414.8416985773,0.846773,33.747368421052634,27.863623,0.6721666666666668,63.9821931600828
381,Italy,2017,1.22653316645808,11.210000038147,41354.645592233,0.885206,37.6,26.816479,0.913,64.0469739686779
382,Italy,2016,-0.0940166569157271,11.6899995803833,41629.126030765,0.903421,33.747368421052634,25.584146,0.972,64.1341893117916
383,Italy,2015,0.0387903996579552,11.8999996185303,41300.2733336456,0.901296,37.8,25.149963,0.994,64.2608379311972
384,Italy,2014,0.241047429826773,12.6800003051758,40939.7003746712,0.752728,35.9,24.158854,1.014,64.4556343735223
385,Italy,2013,1.21999342274305,12.1499996185303,40783.7279388462,0.752945,35.2,22.744907,1.039,64.7240773651298
386,Italy,2012,3.04136333226773,10.6499996185303,40654.6113437852,0.778338,34.5,22.250719,0.904,65.0031317678553
387,Italy,2011,2.78063272879324,8.35999965667725,41981.3474944712,0.718414,33.9,20.983423,0.791,65.3089857597711
388,Italy,2010,1.52551602118248,8.35999965667725,42669.1121098793,0.754309,33.4,20.719744,0.817,65.5099511024868
389,Italy,2009,0.774768131387384,7.75,42305.508040975,0.716958,33.0,20.160688,0.771,65.600894735824
390,Italy,2008,3.34783258401023,6.71999979019165,41984.6047402379,0.679923,32.7,19.90484,0.489,65.7142942068899
391,Italy,2007,1.829741122024,6.07999992370605,42038.2190799334,0.729672,32.5,18.863468,0.422,65.7968522053493
392,Italy,2006,2.09084391012755,6.78000020980835,42052.4030865912,0.796433,32.3,17.283623,0.475,65.9365245428744
393,Italy,2005,1.98529298527983,7.73000001907349,41792.9012941104,0.8038,32.0,16.105026,0.469,66.2054966035196
394,Italy,2004,2.20673661423654,7.86999988555908,41244.2822031254,0.803922,31.6,14.792785,0.442,66.507156770528
395,Italy,2003,2.67255552772852,8.86999988555908,40461.0260455649,0.884048,31.1,12.695857,0.419,66.724702912604
396,Italy,2002,2.46532319171164,9.21000003814697,40572.9991356831,1.057559,30.5,12.461238,0.401,66.9413811284719
397,Italy,2001,2.78516542713555,9.60000038146973,40862.3745865276,1.116533,30.0,11.754972,0.374,67.1979748451374
398,Italy,2000,2.53768532095005,10.8400001525879,40574.8935825587,1.082705,29.2,10.429003,0.393,67.4457257536022
399,Japan,2020,-0.0249958340276592,2.79999995231628,38850.0172427144,106.774582,52.0,63.54916,0.29405555555555557,59.5245240203583
400,Japan,2019,0.468776159383912,2.40000009536743,39077.0157833559,109.009666,51.9,61.514194,0.29405555555555557,59.501891890101
401,Japan,2018,0.989094598021806,2.40000009536743,38583.6233688726,110.423179,38.56315789473683,60.730949,0.29405555555555557,59.6716881052818
402,Japan,2017,0.484199796126387,2.79999995231628,38150.9261039504,112.166141,49.9,60.426178,0.154,59.9515090854663
403,Japan,2016,-0.127258844489691,3.09999990463257,38056.0421792069,108.7929,38.56315789473683,60.120392,0.161,60.3168061278926
404,Japan,2015,0.795279630579775,3.40000009536743,37542.4742517803,121.044026,46.2,59.646538,0.174,60.806257567927
405,Japan,2014,2.75922671353253,3.59999990463257,37725.9974487493,105.944781,45.7,58.585857,0.185,61.2599669200387
406,Japan,2013,0.335037912184809,4.0,38417.8415023552,97.595658,44.0,58.368496,0.212,62.0673705522588
407,Japan,2012,-0.0440645104433029,4.3600001335144,38387.617445982,79.790455,42.2,58.554874,0.237,62.8752264325054
408,Japan,2011,-0.272455616101254,4.55000019073486,39037.3038970032,79.80702,40.5,58.721333,0.255,63.6483984692895
409,Japan,2010,-0.728243207517742,5.09999990463257,38420.9899271287,87.779875,38.9,56.70573,0.259,63.8264931481638
410,Japan,2009,-1.3528367295172,5.07000017166138,38299.657736963,93.570089,37.4,55.667507,0.343,63.9106790535961
411,Japan,2008,1.38007886164923,4.0,38855.8943836432,103.359494,36.1,55.060974,0.211,64.4510085415848
412,Japan,2007,0.0600394544986581,3.89000010490417,39170.8312732221,117.753529,34.8,53.696037,0.236,64.9711910022891
413,Japan,2006,0.249355116079115,4.19000005722046,39276.0062270851,116.299312,33.6,54.074074,0.251,65.5325281528382
414,Japan,2005,-0.282946068764459,4.44999980926514,39299.4133922074,110.218212,32.4,53.185596,0.27,66.0744434948239
415,Japan,2004,-0.00857338820302009,4.73000001907349,38313.8338144174,108.192569,31.4,52.640175,0.29,66.6285526326094
416,Japan,2003,-0.256541816316057,5.25,37684.4300093154,115.933464,30.4,51.645981,0.394,66.9226369114317
417,Japan,2002,-0.923494026942322,5.3899998664856,37652.1117113793,125.388019,29.5,50.993023,0.53,67.2546788558873
418,Japan,2001,-0.740055504162799,5.01999998092651,38428.1660132626,121.528948,28.5,48.525471,0.572,67.6709272454455
419,Japan,2000,-0.676578683595068,4.75,38823.4636854066,107.765498,27.3,47.844826,0.559,68.052690420185
420,"Korea, Rep.",2020,0.537288023411772,3.9300000667572,43341.6301363788,1180.265833,23.6,69.812752,0.2259473684210526,72.1088233272479
421,"Korea, Rep.",2019,0.383000303608079,3.75,43199.5152506013,1165.3575,22.6,69.802818,0.2259473684210526,72.6898046708245
422,"Korea, Rep.",2018,1.47583935002643,3.8199999332428,41765.2288876683,1100.163333,16.61052631578948,69.574219,0.354,72.9356919594818
423,"Korea, Rep.",2017,1.94433230786365,3.65000009536743,40374.0110243799,1131.000833,20.9,69.752068,0.287,73.1506427009696
424,"Korea, Rep.",2016,0.97168573991219,3.65000009536743,39446.5164992617,1160.7675,16.61052631578948,69.851555,0.281,73.4044703166983
425,"Korea, Rep.",2015,0.706331772455739,3.54999995231628,38323.1495521807,1130.9525,19.4,68.861946,0.274,73.3978925823446
426,"Korea, Rep.",2014,1.27477446401322,3.07999992370605,37286.9500724865,1052.84,19.0,67.665947,0.266,73.4153552847686
427,"Korea, Rep.",2013,1.30134754547411,2.75,37209.0941115754,1094.9825,18.5,67.088554,0.259,73.3983928618064
428,"Korea, Rep.",2012,2.18707104433313,2.80999994277954,36293.2522423141,1126.806667,17.9,65.603264,0.255,73.4183285357429
429,"Korea, Rep.",2011,4.02596500436097,2.99000000953674,36834.5095374574,1108.233333,17.4,63.734528,0.256,73.3930045510873
430,"Korea, Rep.",2010,2.93928652655687,3.3199999332428,36357.649756566,1156.46,16.9,61.449047,0.279,73.0687374642088
431,"Korea, Rep.",2009,2.75649654493925,3.35999989509583,35795.4389762404,1277.245833,16.4,60.575958,0.342,72.8113189313625
432,"Korea, Rep.",2008,4.6738965553341,2.96000003814697,35610.8652657547,1100.125833,15.9,57.842369,0.248,72.5461315558131
433,"Korea, Rep.",2007,2.53457382137933,3.00999999046326,35717.3675812774,929.375833,15.3,55.490356,0.223,72.3211769835278
434,"Korea, Rep.",2006,2.24234028518923,3.25,34961.1397758726,955.340833,14.8,52.953865,0.206,72.1183418275772
435,"Korea, Rep.",2005,2.75379162735036,3.48000001907349,34516.4997738323,1024.328333,14.3,50.858059,0.183,71.8913139003176
436,"Korea, Rep.",2004,3.59066298882577,3.42000007629395,33483.632293358,1146.249167,13.7,49.056168,0.159,71.7967854387995
437,"Korea, Rep.",2003,3.51487451459936,3.34999990463257,32744.8087085357,1191.645833,13.2,46.514172,0.123,71.7600500957043
438,"Korea, Rep.",2002,2.76226210296605,3.04999995231628,31577.9483855717,1251.6025,12.6,41.017273,0.106,71.6877579088695
439,"Korea, Rep.",2001,4.06657587897791,3.70000004768372,30528.13740471,1290.79,12.0,38.955528,0.12,71.6628023495971
440,"Korea, Rep.",2000,2.25916580080153,4.05999994277954,29505.4946772628,1130.3625,11.2,36.81242,0.072,71.6939806409154
441,Lithuania,2020,1.19989444983569,8.48999977111816,39610.5961607839,0.875506,34.7,56.18409,0.2424444444444445,64.9693190071881
442,Lithuania,2019,2.33450937988024,6.26000022888184,37305.1416069086,0.893276,3.9,55.187374,0.2424444444444445,65.0527265146459
443,Lithuania,2018,2.69792779208397,6.15000009536743,34952.3131506065,0.846773,8.068421052631578,55.581402,0.2424444444444445,65.2430216084648
444,Lithuania,2017,3.72288862303693,7.07000017166138,33424.6070551171,0.885206,4.0,55.625957,0.232,65.6068558951039
445,Lithuania,2016,0.905525075460439,7.8600001335144,31601.144875693,0.903421,8.068421052631578,54.926018,0.221,66.1011967642807
446,Lithuania,2015,-0.884097405500613,9.11999988555908,30054.9233850064,0.901296,30.7,54.769646,0.227,66.5247574105617
447,Lithuania,2014,0.103758009433715,10.6999998092651,28207.8855905848,0.753097,4.0,52.552208,0.192,66.8287314748568
448,Lithuania,2013,1.04747937065349,11.7700004577637,26980.8543566851,0.753304,4.0,50.487457,0.221,67.0079917124485
449,Lithuania,2012,3.08998277055416,13.3599996566772,25996.2472989433,0.778004,4.0,48.577328,0.237,67.09629546823
450,Lithuania,2011,4.13027562645087,15.3900003433228,25569.1616428109,0.718576,4.0,48.213768,0.374,67.1888059881398
451,Lithuania,2010,1.31921362055463,17.8099994659424,25057.9202665736,0.754846,4.0,46.317448,0.559,67.4769120896577
452,Lithuania,2009,4.4530445651853,13.789999961853,24963.1840584199,0.719426,4.0,43.724075,0.667,67.6824608722787
453,Lithuania,2008,10.9258856241655,5.82999992370605,28747.0852331434,0.682656,4.0,41.594246,0.199,67.5925839072438
454,Lithuania,2007,5.73717382799847,4.25,28231.0539076296,0.730921,4.0,38.886436,0.16,67.4232978274668
455,Lithuania,2006,3.73912004060656,5.78000020980835,26503.5775632622,0.797099,4.0,38.863228,0.171,67.2362146522389
456,Lithuania,2005,2.65848484065266,8.31999969482422,23143.5491459094,0.803413,4.0,36.882675,0.153,67.1088404150458
457,Lithuania,2004,1.16410252104669,10.6800003051758,20950.0278468997,0.805315,4.0,48.12426894117647,0.116,67.0156078947657
458,Lithuania,2003,-1.13430854990244,12.8699998855591,18879.7125867485,0.886488,4.0,48.12426894117647,0.155,66.9028161966076
459,Lithuania,2002,0.281506610345511,13.0100002288818,17041.9116614241,1.064921,4.1,48.12426894117647,0.16,66.6948585940554
460,Lithuania,2001,1.36712030817826,16.8400001525879,15964.5222317196,1.15848,4.2,48.12426894117647,0.146,66.4718998437544
461,Lithuania,2000,0.981615478857527,15.9300003051758,15121.808383641,1.15848,23.7,39.739216,0.174,66.2213597581849
462,Luxembourg,2020,0.819957302126994,6.76999998092651,71222.8927682139,0.875506,22.3,58.153271,1.0089444444444444,69.4652553167527
463,Luxembourg,2019,1.74332075653843,5.59000015258789,71250.8412977186,0.893276,24.4,54.989532,1.0089444444444444,69.5322441988184
464,Luxembourg,2018,1.52819524307373,5.59000015258789,71131.6950721728,0.846773,23.031578947368427,54.780186,1.0089444444444444,69.547824656633
465,Luxembourg,2017,1.73079959118897,5.51999998092651,71070.972989562,0.885206,23.8,51.395588,1.113,69.5318251257259
466,Luxembourg,2016,0.290833333333306,6.28999996185303,70174.4519655124,0.903421,23.031578947368427,51.431648,1.174,69.4153316685491
467,Luxembourg,2015,0.4747431614378,6.67000007629395,70388.5812017006,0.901296,22.0,49.945854,1.385,69.2386829469545
468,Luxembourg,2014,0.628543985440705,5.84999990463257,70029.042596837,0.752728,23.1,52.928135,1.382,69.1261535585506
469,Luxembourg,2013,1.73403963519166,5.84999990463257,68852.512316231,0.752945,22.8,48.131443,1.427,69.0612818804545
470,Luxembourg,2012,2.66284165508017,5.1399998664856,68035.0928885926,0.778338,22.6,49.882286,1.233,68.9680046407208
471,Luxembourg,2011,3.4106834106834,4.90000009536743,68750.4342044103,0.718414,22.4,46.64621,1.086,68.7115487382102
472,Luxembourg,2010,2.27367911621542,4.3600001335144,68363.8881172044,0.754309,22.4,44.22842,1.159,68.4114700968334
473,Luxembourg,2009,0.368041997888919,5.11999988555908,68323.7111808846,0.716958,22.5,44.463192,1.185,68.1951774166655
474,Luxembourg,2008,3.40187963025566,5.05999994277954,66260.3779114158,0.679923,22.8,38.727974,0.865,67.9731994671
475,Luxembourg,2007,2.31245861786128,4.07000017166138,66606.5032982332,0.729672,23.1,35.748882,0.859,67.7482124702078
476,Luxembourg,2006,2.66631494577072,4.73000001907349,64851.3713224359,0.796433,23.4,33.489594,0.91,67.5637534619299
477,Luxembourg,2005,2.48769665164086,4.48999977111816,63966.1687716434,0.8038,23.6,37.013,0.977,67.3994737204183
478,Luxembourg,2004,2.22567916428892,5.1100001335144,63658.6375618668,0.803922,23.6,45.57881288235295,0.923,67.3015380988347
479,Luxembourg,2003,2.04984030563515,3.6800000667572,62945.5601966319,0.884048,23.5,45.57881288235295,0.851,67.214022221927
480,Luxembourg,2002,2.07408613571644,2.61999988555908,63398.7643685613,1.057559,23.3,45.57881288235295,0.656,67.1411537409843
481,Luxembourg,2001,2.66382110579103,1.80999994277954,62125.4025833651,1.116533,23.1,45.57881288235295,0.637,67.166754997486
482,Luxembourg,2000,3.15076707022592,2.34999990463257,61736.045349325,1.082705,22.9,22.884604,0.339,66.9894545762922
483,Latvia,2020,0.219064904842049,8.10000038146973,29812.7273302086,0.875506,35.5,44.246166,0.551,63.3434327063934
484,Latvia,2019,2.81140920075622,6.30999994277954,28547.4561699105,0.893276,3.2,43.811146,0.551,63.6680137065752
485,Latvia,2018,2.53445424186602,7.40999984741211,27357.2775302411,0.846773,7.752631578947369,41.648941,0.551,63.9833538297088
486,Latvia,2017,2.93036312374664,8.72000026702881,26386.6646958621,0.885206,3.3,41.608852,0.57,64.3287903134874
487,Latvia,2016,0.140633334505292,9.64000034332275,25473.3332432093,0.903421,7.752631578947369,42.097309,0.599,64.8299213844101
488,Latvia,2015,0.174242243625214,9.86999988555908,24062.1277960866,0.901296,31.5,39.870365,0.525,65.3700108671302
489,Latvia,2014,0.620490636732377,10.8500003814697,22206.497121184,0.752728,3.3,39.436726,0.486,65.9241091692434
490,Latvia,2013,-0.0294547782578977,11.8699998855591,20810.650176225,0.753256,3.3,40.700375,0.485,66.5093779485424
491,Latvia,2012,2.25778924374594,15.0500001907349,19860.5330974882,0.778133,3.3,38.724171,0.423,66.9716328372472
492,Latvia,2011,4.37073559939221,16.2099990844727,19086.2412553667,0.713191,3.3,35.106369,0.544,67.2917546644916
493,Latvia,2010,-1.08463595015159,19.4799995422363,19772.4060927504,0.754798,3.3,34.697613,1.068,67.5776964872878
494,Latvia,2009,3.53410672858941,17.5100002288818,20566.9525291188,0.719333,3.4,31.628628,1.435,67.9100588886793
495,Latvia,2008,15.4023191064986,7.73999977111816,22775.2599076275,0.68414,3.4,28.819571,0.448,68.2453782716765
496,Latvia,2007,10.0929775849168,6.05000019073486,22073.0659757635,0.73106,3.4,25.688435,0.335,68.3960778521355
497,Latvia,2006,6.53619908765875,7.03000020980835,17903.7264134579,0.797389,3.5,23.018604,0.352,68.4372310784001
498,Latvia,2005,6.74845027893117,10.0299997329712,16237.124641958,0.803519,3.5,21.733368,0.369,68.433521723031
499,Latvia,2004,6.19238547197433,11.710000038147,13960.0639695759,0.768683,3.6,19.741457,0.421,68.3293395895848
500,Latvia,2003,2.94264752948481,12.0600004196167,12841.4055662869,0.813136,3.7,18.489712,0.445,68.1833340253633
501,Latvia,2002,1.93887573855892,13.8299999237061,11984.2062205982,0.879607,3.8,17.257517,0.439,67.9820065657335
502,Latvia,2001,2.48704003555455,13.8199996948242,12361.7628922713,0.893445,3.9,16.561207,0.425,67.7028049283493
503,Latvia,2000,2.65425477796052,14.210000038147,11971.518006636,0.862972,25.1,17.292057,0.549,67.3659130180621
504,Netherlands,2020,1.2724603778917,3.8199999332428,61560.268470885,0.875506,34.3,52.261906,1.2745555555555557,64.7739013272941
505,Netherlands,2019,2.63369910249593,3.38000011444092,60140.0594526848,0.893276,33.9,49.103264,1.2745555555555557,64.910443868264
506,Netherlands,2018,1.70349794744475,3.82999992370605,60514.9759614184,0.846773,26.126315789473683,47.603172,1.2745555555555557,65.0190852608071
507,Netherlands,2017,1.3814587140721,4.84000015258789,61186.4103776484,0.885206,32.3,46.594383,1.083,65.1422790863154
508,Netherlands,2016,0.316666666666663,6.01000022888184,61630.7085780488,0.903421,26.126315789473683,45.223412,1.302,65.2780858884927
509,Netherlands,2015,0.600248147278775,6.86999988555908,61383.2212029571,0.901296,30.2,45.087276,1.443,65.4076449571058
510,Netherlands,2014,0.976035079699661,7.42000007629395,60646.0319905911,0.752728,29.5,44.287262,1.562,65.5978639322318
511,Netherlands,2013,2.50689852657884,7.23999977111816,60971.7742894356,0.752945,28.4,42.863594,1.593,65.8680538405647
512,Netherlands,2012,2.45554765291609,5.82000017166138,60792.4973810916,0.778338,27.3,43.036243,1.329,66.2329901892353
513,Netherlands,2011,2.3410701775137,4.98000001907349,60589.2185375162,0.718414,26.2,39.784946,1.257,66.7075878295394
514,Netherlands,2010,1.27530569556686,4.98999977111816,60860.9659343676,0.754309,25.3,40.803711,1.245,67.0388236448257
515,Netherlands,2009,1.18977687021549,4.34999990463257,60919.7593746743,0.716958,24.6,40.122009,1.055,67.1934238442209
516,Netherlands,2008,2.48650198289454,3.65000009536743,58461.6316405738,0.679923,24.0,39.766335,0.811,67.3304028618006
517,Netherlands,2007,1.61385859802103,4.15000009536743,58109.1135759089,0.729672,23.5,36.696419,0.962,67.4102180873091
518,Netherlands,2006,1.10150106517704,5.0,57310.3123912023,0.796433,23.2,35.957436,1.22,67.4478542154653
519,Netherlands,2005,1.68813017869622,5.86999988555908,57435.2978155562,0.8038,22.8,35.375629,1.436,67.4865996183426
520,Netherlands,2004,1.26364739183177,4.65000009536743,57435.585338303,0.803922,22.5,34.481209,1.477,67.5585164936235
521,Netherlands,2003,2.09199838997658,3.58999991416931,56546.1112849744,0.884048,22.3,32.107986,1.334,67.6511372391628
522,Netherlands,2002,3.28753104712768,2.54999995231628,56149.8764175601,1.057559,22.2,28.261511,1.115,67.7145612391069
523,Netherlands,2001,4.15584127195611,2.11999988555908,55976.2519207602,1.116533,22.0,26.544241,1.347,67.7524659760185
524,Netherlands,2000,2.36052233801956,2.73000001907349,55157.8085217367,1.082705,21.9,26.57077,1.371,67.8188540959926
525,Norway,2020,1.28658490707998,4.42000007629395,56719.7392546549,9.415833,29.6,50.841923,0.43549999999999994,65.0590987368277
526,Norway,2019,2.16773003305405,3.69000005722046,56704.8849178672,8.8,29.7,48.658932,0.43549999999999994,65.1662626757865
527,Norway,2018,2.76483134528794,3.79999995231628,55710.151803035,8.1325,26.178947368421053,48.211601,0.43549999999999994,65.2746767832925
528,Norway,2017,1.87510059552548,4.15999984741211,55332.0098039175,8.271667,28.8,48.337029,0.426,65.4357760568812
529,Norway,2016,3.55000000000002,4.67999982833862,55473.1367126417,8.4,26.178947368421053,48.614609,0.502,65.6085041075966
530,Norway,2015,2.17113665389528,4.30000019073486,56384.7211498279,8.064167,27.4,48.138676,0.446,65.743488600354
531,Norway,2014,2.0417028670721,3.48000001907349,56104.0975382273,6.301667,27.4,49.008167,0.374,65.8380158005165
532,Norway,2013,2.12048620353119,3.42000007629395,55851.6441660469,5.875,26.8,46.648712,0.341,65.9321900778537
533,Norway,2012,0.696864111498241,3.11999988555908,54731.795640925,5.8175,26.1,45.018452,0.346,66.030330528154
534,Norway,2011,1.28495158809159,3.21000003814697,53279.9890262897,5.604607,25.6,46.807133,0.407,66.126815003728
535,Norway,2010,2.41890639481001,3.51999998092651,51471.0835340886,6.044167,25.2,47.255039,0.488,66.2080894566102
536,Norway,2009,2.19738586853571,3.09999990463257,50803.8834934501,6.288333,24.9,46.829773,0.418,66.2703708397843
537,Norway,2008,3.75393081761006,2.54999995231628,50279.3472032024,5.64,24.8,45.578697,0.187,66.2586313746339
538,Norway,2007,0.712589073634205,2.49000000953674,49243.9620261781,5.861667,24.7,42.6511,0.211,66.1063043993446
539,Norway,2006,2.32934980757545,3.40000009536743,47150.4072494647,6.413333,24.8,41.545238,0.31,65.876194274947
540,Norway,2005,1.53213367609252,4.38000011444092,45340.0555165125,6.4425,24.8,40.902966,0.52,65.6486837412208
541,Norway,2004,0.454498502220854,4.26000022888184,44066.5645146533,6.740833,25.0,46.565502937500014,0.66,65.4617719994015
542,Norway,2003,2.48782553461785,4.21999979019165,42630.8440099756,7.080217,25.1,46.565502937500014,0.728,65.2913038220702
543,Norway,2002,1.28672528415185,4.01999998092651,42076.2677789548,7.983779,25.3,46.565502937500014,0.571,65.1177559524715
544,Norway,2001,3.00419703998231,3.74000000953674,40569.6420713005,8.991654,25.5,46.565502937500014,0.459,64.9584480477085
545,Norway,2000,3.08550609131277,3.46000003814697,39466.0946462092,8.801842,25.9,46.565502937500014,0.445,64.8293365379841
546,Poland,2020,3.3744697261859,3.16000008583069,33330.3226849049,3.899742,30.5,42.433945,0.4243333333333334,66.2552364249908
547,Poland,2019,2.227478809383,3.27999997138977,32695.4322746509,3.839375,28.2,43.484364,0.4243333333333334,66.894569847985
548,Poland,2018,1.81295156542681,3.84999990463257,31213.4133092151,3.611717,22.44736842105263,43.523716,0.4243333333333334,67.553187986017
549,Poland,2017,2.07593553673862,4.8899998664856,29236.4770516899,3.779333,25.9,43.526325,0.249,68.2442451587938
550,Poland,2016,-0.664767331434023,6.15999984741211,28050.6896604211,3.942783,22.44736842105263,43.47826,0.143,68.9105124497847
551,Poland,2015,-0.874125874125849,7.5,26709.7707761107,3.7695,24.3,43.193764,0.167,69.506071267045
552,Poland,2014,0.0538213132400467,8.98999977111816,26025.5267930872,3.154542,23.0,42.60154,0.2,70.0206062489884
553,Poland,2013,0.99198260633235,10.3299999237061,25486.2513363194,3.160617,22.2,41.82151,0.248,70.5100820219085
554,Poland,2012,3.56037151702788,10.0900001525879,25217.8248182505,3.256542,21.6,40.798927,0.232,70.903551685509
555,Poland,2011,4.23940149625935,9.63000011444092,25480.7308267439,2.962848,21.1,38.998249,0.229,71.221037817123
556,Poland,2010,2.58069370250546,9.64000034332275,25511.5612228822,3.0153,20.8,37.126976,0.271,71.3133779489717
557,Poland,2009,3.79539242483406,8.17000007629395,24810.9416603131,3.120142,20.7,35.449848,0.272,71.2689664344103
558,Poland,2008,4.1649719352477,7.11999988555908,24874.9818765438,2.409242,20.8,32.133198,0.247,71.1512534044511
559,Poland,2007,2.45874312385397,9.60000038146973,23615.6432256176,2.76795,20.9,30.047649,0.31,70.9280207950647
560,Poland,2006,1.28469394366409,13.8400001525879,22880.0710086038,3.103158,21.1,28.039427,0.467,70.6410320055107
561,Poland,2005,2.18379872390258,17.75,22731.0849616241,3.235483,21.2,25.536215,0.533,70.3221741872456
562,Poland,2004,3.38264681884694,19.0699996948242,22773.7956376634,3.657642,21.2,23.180305,0.654,69.9837971198145
563,Poland,2003,0.682701375787657,19.3700008392334,23290.6999255796,3.889075,21.1,20.421402,0.798,69.6224944840549
564,Poland,2002,1.90528215048054,19.8899993896484,23012.4333547043,4.080033,21.0,16.765888,0.88,69.1974594989718
565,Poland,2001,5.40833545566151,18.3700008392334,23107.5653103793,4.0939,20.8,15.197033,0.873,68.7954081664134
566,Poland,2000,9.90017538843062,16.3099994659424,21858.728237625,4.346075,20.1,14.184261,0.865,68.3139233650895
567,Portugal,2020,-0.0124383299576167,6.78999996185303,29093.1255424424,0.875506,38.6,41.910061,1.071388888888889,64.2146868716817
568,Portugal,2019,0.338178410046125,6.46000003814697,28790.3670832311,0.893276,34.2,37.36721,1.071388888888889,64.3738450008521
569,Portugal,2018,0.99371568346825,6.98999977111816,27695.9488231657,0.846773,29.91578947368421,35.078072,1.071388888888889,64.5610309085474
570,Portugal,2017,1.36861411643481,8.86999988555908,27244.3598125418,0.885206,32.9,34.031322,0.67,64.7766278652078
571,Portugal,2016,0.607397074641661,11.0699996948242,27134.7079243083,0.903421,29.91578947368421,34.969795,0.81,65.0344006748761
572,Portugal,2015,0.487938623904736,12.4399995803833,27277.8330286293,0.901296,34.6,33.139576,0.98,65.2586831762964
573,Portugal,2014,-0.278153367467421,13.8900003433228,27360.5189798253,0.752728,31.1,31.439877,1.294,65.4501369884218
574,Portugal,2013,0.27441666666668,16.1800003051758,27840.2049450758,0.752945,30.6,29.313473,1.606,65.6961766881397
575,Portugal,2012,2.77333854051579,15.5299997329712,27321.4310009088,0.778338,30.1,28.331631,1.541,65.9369490378055
576,Portugal,2011,3.65301100430729,12.6800003051758,28548.020226233,0.718414,29.7,26.924166,1.195,66.1278679035624
577,Portugal,2010,1.40257289895371,10.7700004577637,29260.3025648997,0.754309,29.2,24.804928,1.237,66.32972354371
578,Portugal,2009,-0.83553002150417,9.43000030517578,29378.4312784461,0.716958,28.9,23.341423,1.166,66.5144212902301
579,Portugal,2008,2.58850657657964,7.55000019073486,28080.944222886,0.679923,28.6,23.173708,0.875,66.6444153495634
580,Portugal,2007,2.45396528138739,7.96000003814697,28174.9644538306,0.729672,28.3,21.415401,1.139,66.7130498934194
581,Portugal,2006,3.10766545871054,7.65000009536743,27988.2933437366,0.796433,28.0,20.043453,1.287,66.7454312218027
582,Portugal,2005,2.27716394887833,7.57999992370605,28609.201266578,0.8038,27.8,19.114288,1.333,66.8066841658788
583,Portugal,2004,2.365362040973,6.32000017166138,28766.4524811363,0.803922,27.6,18.580444,1.095,66.9302845583321
584,Portugal,2003,3.21899090682897,6.13000011444092,28728.3166333835,0.884048,27.4,16.865643,1.022,67.0767479431955
585,Portugal,2002,3.60034658290911,4.5,28794.6546305375,1.057559,27.1,15.375848,0.767,67.2066010402192
586,Portugal,2001,4.36990330551795,3.82999992370605,28807.0664114458,1.116533,26.9,14.205399,0.641,67.3400032993263
587,Portugal,2000,2.85303039287156,3.80999994277954,28691.8452658434,1.082705,26.8,12.948861,0.627,67.4381514763314
588,Slovak Republic,2020,1.9369412669422,6.69000005722046,24406.7456538289,0.875506,26.5,39.042641,0.41750000000000004,67.3078758495186
589,Slovak Republic,2019,2.66456133425443,5.75,24095.5328882777,0.893276,24.4,39.158154,0.41750000000000004,67.902808633504
590,Slovak Republic,2018,2.51403712883808,6.53999996185303,23333.3833395461,0.846773,19.757894736842108,37.208523,0.41750000000000004,68.5417533196965
591,Slovak Republic,2017,1.31194588223234,8.13000011444092,22692.7850948861,0.885206,22.3,35.065048,0.357,69.210328701766
592,Slovak Republic,2016,-0.520010196278324,9.67000007629395,22039.3498506095,0.903421,19.757894736842108,33.372261,0.364,69.8859513727035
593,Slovak Republic,2015,-0.325219777427739,11.4799995422363,21360.3605740993,0.901296,21.5,31.312998,0.347,70.4723744909128
594,Slovak Republic,2014,-0.0761653295419824,13.1800003051758,20553.2012349736,0.752728,20.0,29.826096,0.345,70.9325977748328
595,Slovak Republic,2013,1.40047368963031,14.2200002670288,20149.3478549125,0.752945,19.5,29.674646,0.42,71.3224101152835
596,Slovak Republic,2012,3.60610263522886,13.960000038147,19996.421653742,0.778338,19.2,26.97694,0.461,71.6690962813488
597,Slovak Republic,2011,3.91928599146294,13.6199998855591,20248.8293740462,0.718414,18.9,25.505198,0.539,71.9060555899691
598,Slovak Republic,2010,0.957018132975136,14.3800001144409,20427.2619057228,0.754309,18.7,24.029381,0.656,72.3406672480181
599,Slovak Republic,2009,1.61510464058236,12.0299997329712,19575.0125425904,0.716958,18.5,20.587223,0.66,72.4112252125822
600,Slovak Republic,2008,4.59817976325028,9.51000022888184,18931.2161542892,0.709069,18.4,18.438622,0.424,72.3311679808958
601,Slovak Republic,2007,2.75672371638138,11.1400003433228,18737.8454834238,0.819702,18.3,17.470783,0.355,72.0998835444145
602,Slovak Republic,2006,4.48333120449611,13.3699998855591,17654.8035354837,0.985768,18.3,16.639072,0.326,71.7986253112489
603,Slovak Republic,2005,2.70908494588391,16.2600002288818,17064.0251518126,1.029617,18.3,16.254873,0.259,71.4559374527243
604,Slovak Republic,2004,7.54850088183419,18.6000003814697,16077.6022384448,1.070733,18.3,14.276714,0.327,71.0800260247235
605,Slovak Republic,2003,8.55414305406651,17.1200008392334,15848.0152199301,1.220637,18.4,13.217635,0.301,70.643601446379
606,Slovak Republic,2002,3.12714222984604,18.7199993133545,15547.4951338128,1.504572,18.6,11.88759,0.34,70.1193888833011
607,Slovak Republic,2001,7.32962019115532,19.3799991607666,14785.4007157266,1.605086,18.7,11.86272,0.399,69.5720456970359
608,Slovak Republic,2000,12.0357805974299,19.0599994659424,14786.275297452,1.528088,18.6,11.197058,0.635,69.0612606303763
609,Slovenia,2020,-0.0548568157606067,4.96999979019165,43309.7173070246,0.875506,34.7,45.425419,0.5737222222222221,64.4539422872723
610,Slovenia,2019,1.63052260754338,4.44999980926514,41860.1613488932,0.893276,32.8,44.105736,0.5737222222222221,64.8982678491942
611,Slovenia,2018,1.73860861988181,5.1100001335144,40664.4057933789,0.846773,26.336842105263155,40.713264,0.5737222222222221,65.2586169416198
612,Slovenia,2017,1.42910743319297,6.55999994277954,39962.1999122763,0.885206,30.3,44.566971,0.472,65.8635024085732
613,Slovenia,2016,-0.0549995416704911,8.0,39241.7706665893,0.903421,26.336842105263155,42.977364,0.529,66.4306638614387
614,Slovenia,2015,-0.525552285820838,8.96000003814697,37779.3994336368,0.901296,28.8,40.758549,0.545,67.0537260606366
615,Slovenia,2014,0.199343826570849,9.67000007629395,36999.8772267526,0.752728,27.6,38.080215,0.608,67.6478192181597
616,Slovenia,2013,1.76920085881896,10.1000003814697,36279.0982532868,0.752945,27.1,37.393593,0.736,68.183063200969
617,Slovenia,2012,2.5974138603901,8.84000015258789,36882.5250569926,0.778338,26.6,35.340069,0.662,68.6706752349652
618,Slovenia,2011,1.80285171941907,8.17000007629395,38007.4819267322,0.718414,26.3,33.815281,0.674,69.1429362103507
619,Slovenia,2010,1.80117022137136,7.23999977111816,38123.3014451669,0.754309,25.9,31.307655,0.539,69.3427045164086
620,Slovenia,2009,0.83926224679384,5.8600001335144,37051.6654424809,0.716958,25.6,30.383877,0.467,69.5265957837475
621,Slovenia,2008,5.64742380573934,4.36999988555908,36740.532786167,0.679923,25.2,30.041327,0.284,69.728754012723
622,Slovenia,2007,3.65749563284104,4.82000017166138,36190.3153572177,0.729672,24.9,30.066837,0.332,70.059809666803
623,Slovenia,2006,2.45792444195864,5.94999980926514,35399.4133115559,0.797147,24.6,27.004595,0.516,70.2367817831673
624,Slovenia,2005,2.45150132316474,6.51000022888184,34258.7762299857,0.804146,24.2,24.686516,0.594,70.2958951863812
625,Slovenia,2004,3.59297594249513,6.01000022888184,33001.4945583241,0.802792,23.9,24.868273,0.583,70.3615015292909
626,Slovenia,2003,5.54416421752898,6.48000001907349,31480.8044154671,0.86427,23.5,23.663876,0.595,70.3526139425964
627,Slovenia,2002,7.48077770703756,5.92000007629395,30840.9483780953,1.002538,23.2,19.680832,0.622,70.1934842497788
628,Slovenia,2001,8.37966587492205,5.67999982833862,30758.0079799206,1.012973,22.8,33.209097,0.712,70.1312476939411
629,Slovenia,2000,8.91174418658764,6.92000007629395,29550.0301710629,0.929127,22.4,19.301691,0.857,70.0961476622291
630,Sweden,2020,0.497367318853562,8.28999996185303,48430.2302010573,9.210309,35.9,49.133411,0.7013333333333334,62.2054168641855
631,Sweden,2019,1.78415097403832,6.82999992370605,47834.7225355909,9.458349,36.7,48.373196,0.7013333333333334,62.2739930622846
632,Sweden,2018,1.95353530127029,6.3600001335144,47338.8314394413,8.692518,31.652631578947368,47.530075,0.7013333333333334,62.3778662170775
633,Sweden,2017,1.79449904665596,6.71999979019165,47100.7117172587,8.548861,35.8,47.388306,0.3,62.5228543915877
634,Sweden,2016,0.984269244577978,6.98999977111816,46848.5439208102,8.561992,31.652631578947368,47.215698,0.323,62.702006210568
635,Sweden,2015,-0.0467847449832651,7.42999982833862,46131.9717938222,8.434841,33.8,46.408928,0.327,62.9597589921527
636,Sweden,2014,-0.17963849411465,7.94999980926514,45438.5366167834,6.860785,34.1,45.978123,0.382,63.3191678514208
637,Sweden,2013,-0.0442929701486557,8.05000019073486,44938.7002392389,6.513972,33.3,44.817905,0.457,63.7595160355211
638,Sweden,2012,0.8883775069237,7.98000001907349,44447.1311275595,6.775016,32.5,43.473869,0.448,64.2356502456725
639,Sweden,2011,2.96115073822139,7.80000019073486,43523.7236155237,6.493543,31.8,42.86599,0.411,64.7000132074449
640,Sweden,2010,1.15798802715629,8.60999965667725,42885.4438130494,7.207524,31.2,42.23127,0.558,65.1186894275629
641,Sweden,2009,-0.494460544378046,8.35000038146973,42368.2004935797,7.653819,30.6,42.351131,0.675,65.4369322747553
642,Sweden,2008,3.43704910602875,6.23000001907349,42217.400667076,6.591099,30.2,40.831505,0.432,65.6296846329883
643,Sweden,2007,2.21216883436735,6.15999984741211,41422.6018608616,6.75877,29.8,39.952,0.627,65.669500736383
644,Sweden,2006,1.36021468627688,7.07000017166138,40081.9330187544,7.378249,29.6,39.131115,0.916,65.546049966819
645,Sweden,2005,0.453170852576176,7.48999977111816,38996.721690243,7.473088,29.4,37.286453,1.122,65.3135859117054
646,Sweden,2004,0.373659828721796,6.69000005722046,38038.4671460666,7.348887,29.3,42.302197,1.225,65.0962346948374
647,Sweden,2003,1.92565534892387,5.55000019073486,36815.7160171256,8.086304,29.2,40.438534,1.132,64.9151417377893
648,Sweden,2002,2.15848213589263,4.96999979019165,36506.0878820435,9.737123,29.3,39.169037,0.985,64.7166037718937
649,Sweden,2001,2.40595834145435,4.73000001907349,36031.0872246814,10.329136,29.4,36.882835,1.009,64.5118577943726
650,Sweden,2000,0.899143734041743,5.46999979019165,35613.264782673,9.162244,29.5,33.639328,1.295,64.3041814620915
651,Turkiye,2020,12.2789574462574,13.1099996566772,32482.6713098403,7.008605,15.2,19.319656874999993,0.10549999999999998,67.7489529012809
652,Turkiye,2019,15.1768215720023,13.6700000762939,32625.0508075616,5.673819,14.6,35.325356,0.10549999999999998,67.8287907664386
653,Turkiye,2018,16.3324638988929,10.8900003433228,30610.7151561307,4.82837,12.489473684210525,33.280041,0.10549999999999998,67.8778984333464
654,Turkiye,2017,11.1443110840764,10.8199996948242,30076.3789394926,3.648133,13.7,31.588659,0.263,67.933986237894
655,Turkiye,2016,7.77513415328334,10.8400001525879,30653.260715263,3.020135,12.489473684210525,30.456598,0.295,67.8607100073235
656,Turkiye,2015,7.6708536484588,10.2399997711182,27308.1029608959,2.720009,13.4,27.517448,0.202,67.7589906877259
657,Turkiye,2014,8.85457271364318,9.88000011444092,26631.2016858859,2.188542,12.8,24.793388,0.136,67.7405506529809
658,Turkiye,2013,7.49309030547697,8.72999954223633,25748.9794744452,1.903768,12.6,22.456688,0.119,67.6413465453175
659,Turkiye,2012,8.89156996512164,8.14999961853027,24617.5774184607,1.796001,12.5,20.998264,0.129,67.4652889792938
660,Turkiye,2011,6.47187967115097,8.80000019073486,23666.7548738797,1.674955,12.4,18.87298,0.105,67.2721381685905
661,Turkiye,2010,8.56644420552977,10.6599998474121,23291.5868677003,1.502849,12.3,17.447386,0.115,67.0852797597096
662,Turkiye,2009,6.25097663090625,12.5500001907349,22722.9733525656,1.54996,12.2,16.639408,0.169,66.9452491951779
663,Turkiye,2008,10.4441283764885,9.71000003814697,22467.8758088104,1.301522,12.1,15.463108,0.066,66.6970731688025
664,Turkiye,2007,8.75618090972635,8.86999988555908,22590.984709907,1.302931,12.0,14.199503,0.063,66.673921715346
665,Turkiye,2006,9.59724212288445,8.72000026702881,21839.9628670585,1.428453,11.9,13.459621,0.065,66.3787987035707
666,Turkiye,2005,8.17916036802001,10.6400003433228,26488.938463193157,1.343583,11.8,12.508089,0.063,66.0313101205838
667,Turkiye,2004,8.59826168115267,10.8400001525879,26488.938463193157,1.425537,11.7,11.481482,0.048,65.6344698516256
668,Turkiye,2003,21.6024384490573,10.539999961853,26488.938463193157,1.500885,11.7,11.389406,0.031,65.1802420230357
669,Turkiye,2002,44.9641209479849,10.3599996566772,26488.938463193157,1.507226,11.6,10.491946,0.019,64.6931001732957
670,Turkiye,2001,54.4001887619075,8.38000011444092,26488.938463193157,1.225588,11.4,9.1435289,0.005,64.2291673918942
671,Turkiye,2000,54.9153705812683,6.5,26488.938463193157,0.625219,11.4,8.8802376,0.006,63.8069448401137
672,United States,2020,1.23358439630637,8.05000019073486,72806.7540079049,1.0,28.4,51.856071,0.3846842105263157,65.0862778486272
673,United States,2019,1.81221007526015,3.67000007629395,68842.3066162042,1.0,27.8,50.380188,0.3846842105263157,65.0808953150857
674,United States,2018,2.44258329692818,3.90000009536743,67663.8360775703,1.0,22.60526315789474,49.373737,0.138,65.3547436173457
675,United States,2017,2.13011000365963,4.3600001335144,66933.9728439335,1.0,26.2,47.757,0.159,65.6232512725187
676,United States,2016,1.26158320570537,4.86999988555908,66259.724729521,1.0,22.60526315789474,47.521809,0.176,65.8807149513891
677,United States,2015,0.118627135552435,5.28000020980835,66139.5133731373,1.0,24.6,46.517712,0.178,66.1138776284869
678,United States,2014,1.62222297740821,6.17000007629395,64513.4410631374,1.0,24.0,45.663815,0.239,66.3176992125186
679,United States,2013,1.46483265562714,7.36999988555908,63587.7730747805,1.0,23.4,44.779469,0.403,66.550618006653
680,United States,2012,2.06933726526059,8.06999969482422,63890.2255306466,1.0,22.8,44.042595,0.554,66.7833421672422
681,United States,2011,3.15684156862206,8.94999980926514,63349.4306680621,1.0,22.2,43.132984,0.743,67.094655765785
682,United States,2010,1.64004344238989,9.63000011444092,63264.8102323846,1.0,21.8,42.310982,1.061,67.1284352825125
683,United States,2009,-0.35554626629975,9.25,62711.3094375679,1.0,21.4,41.056328,0.838,67.170761795173
684,United States,2008,3.83910029665101,5.78000020980835,62088.5034386166,1.0,21.1,41.564896,0.297,67.2190124943156
685,United States,2007,2.85267248150136,4.61999988555908,62241.945889786,1.0,20.9,40.386425,0.233,67.2984326620581
686,United States,2006,3.22594410070407,4.61999988555908,61084.8868645938,1.0,20.7,39.239269,0.233,67.2629382637528
687,United States,2005,3.39274684549547,5.07999992370605,60184.2170112976,1.0,20.6,39.363441,0.257,67.1189894818734
688,United States,2004,2.67723669309173,5.53000020980835,60127.4044432791,1.0,20.6,39.042027,0.359,66.9216637603326
689,United States,2003,2.27009497336113,5.98999977111816,59033.8390062937,1.0,20.6,38.652836,0.486,66.7392139187038
690,United States,2002,1.58603162650603,5.78000020980835,58405.4792323863,1.0,20.7,39.336624,0.47,66.5935949497998
691,United States,2001,2.82617111885402,4.73000001907349,57939.6628556631,1.0,20.8,38.717625,0.273,66.4031655658772
692,United States,2000,3.37685727149935,3.99000000953674,57498.9035174666,1.0,20.9,38.083973,0.212,66.2076147343382
